-- phpMyAdmin SQL Dump
-- version 5.1.1
-- https://www.phpmyadmin.net/
--
-- Servidor: 127.0.0.1
-- Tiempo de generación: 12-01-2024 a las 05:21:48
-- Versión del servidor: 10.4.20-MariaDB
-- Versión de PHP: 7.4.21

SET SQL_MODE = "NO_AUTO_VALUE_ON_ZERO";
START TRANSACTION;
SET time_zone = "+00:00";


/*!40101 SET @OLD_CHARACTER_SET_CLIENT=@@CHARACTER_SET_CLIENT */;
/*!40101 SET @OLD_CHARACTER_SET_RESULTS=@@CHARACTER_SET_RESULTS */;
/*!40101 SET @OLD_COLLATION_CONNECTION=@@COLLATION_CONNECTION */;
/*!40101 SET NAMES utf8mb4 */;

--
-- Base de datos: `pdftest`
--

-- --------------------------------------------------------

--
-- Estructura de tabla para la tabla `estates`
--

CREATE TABLE `estates` (
  `EstateID` int(11) NOT NULL,
  `Logo` blob DEFAULT NULL,
  `Location` varchar(255) DEFAULT NULL,
  `Disclaimer` text DEFAULT NULL,
  `AgentLogo` blob DEFAULT NULL
) ENGINE=InnoDB DEFAULT CHARSET=utf8mb4;

--
-- Volcado de datos para la tabla `estates`
--

INSERT INTO `estates` (`EstateID`, `Logo`, `Location`, `Disclaimer`, `AgentLogo`) VALUES
(1, 0x89504e470d0a1a0a0000000d494844520000019000000190080600000080bf36cc000000097048597300000b1300000b1301009a9c18000000206348524d00007a25000080830000f9ff000080e9000075300000ea6000003a980000176f925fc5460000102d4944415478daecdddd925cc7959ee16f65ee06f8279134250e4552b4141c3b34330e1ff80a7cebbe13df8567ba6be7f241eeaa06c89909d947ad98e78928141a40373ac0887ab976e6ceaafffdbffe67a7669291aa4a5279d5fbc7eefdf35e49ad5456aa56aacffd5c2be94eaa03c0dbb45fcb935e2bdd2beb3cb3fa4c9f67ce754bfa4cdf9ffbf5b9fbdcafffb95eeb2f47f74aa592aadd80ca0711a9249d312a55c91c95aacaa8ebf9fabcbafe5c72ff7c00de563c3e8848276bf5ebe35c396f2be7ba9ecff38ac7f96fc6233572a4cf74d51e1e6a7e1491aa64ceca1c9d313e08c8f8202057661ee1695308c05b0e49a7d36b47a4cf95f35c59c7ca793b731b675e5ecedc5ecedcd6edd7f1b85fa9aa91a3fb965a498f23d5fb17bb937924c7ac1c33992319b33247528fe9e3f5e7e9fd454b3c00de6e3c3e9c4656a75767cd3d81acf3cc5967e63833c66d3f3fafbcdc567a7d188f91d448d5dc0149724524199d1c4f23f3489e8e643e02928cca75092ba96b42a9fb77556dfa0078f3f9d805e9d17b2d64adacb11fa3763c46adccac8cac8cea3c3f272b3b1e5533a9b90392754b8f3c22329f9263768e63e49823f3d893c7b81eaf97ab5ee351e31e915f7c9300bcad885c1b9e7aadf4eca4ce549d19b91e5748f666a97e2c893fbf5456c6231ed913c84b6a757a5cd3c64c8e3973cc5c97af2a63eea9638cbd1bab7ef18de4be4b2bcb1002f006d5e37feef79a4655a7ee3b6beb4c8f33951d93eafb6edbfb678f74cdbcbc1c49cd641ca9cc1cbd6ec9fdd2d5b8a2715db69ab333e778ecc2aacab5a0b283d1dde9ac645d8b2c71190be06dce1ebf0848f64eab4734ee01c94a1dfd1a8f1e3b203db37ae6ec1d8fc70492d599c7158d91ccd1d7ceab9151732f963f76585de1e895f47aec274e9ffb1b141080379b91bae2d13953b9ede77e8dc7a8951af73dbf95bea68f95995533fd3cd399a91a7b0da4e687e1c8158fceac79fd65630f407ddf43dcfbe693753dfa4cd615106b20006fb41f7ddd0cbee3b1a78f5b46ce241fac7b642f5f648e74763056cfac3573ce91dbda5b79f736deea8cc72319d5998feb6433e991ee7d05adaf1b4fbacfac73dfa5b89fcfc77402c0db725fbbae5a49ce8cbaa5fab6d73feadc3bae465fcb157bc7d59833a366668ecc9e993d73ac91f3797fb5a3fb96599d59d71452d9234c1d1959d76431f66325e7dab7c1af75e65c67fabc5dd3c8fd52968000bcc582d40797b056dd7644ea96d4791d45d58f1bc56b8c54cfccccf4dcf118e7de545595ac5e392a6746f5630ad91bb58e5456d27ba1a4d79e40763c72ddeebe2f5f9d6b9f9db203d21f2cd400f0765cc74de5daa67b0564d499ae9539d7757a55edb5efecedba35664646468fcc591963b762adce517dcba8718d2e9d51d7a5ab9e49eef11859abae47e73c3be7b92f61ad75e63c6f596b4f1f0202f0260790dc2f618decadbbb36ee97126f37ee96aa46abfe6d7b82292eb32d6a87da5aa7a5ff6ea95a3ea7c5d03b98f378fb34fce748ff43d1e6772de92f35cb99dd765acf3be16b21e0bec00bccd29e43e288c5ae9b1321eafd9e371d9aa72a4fbd811a9bd89aa56ae41e3cca8bd05f8a85a1fc4a3b38f48fc381ebdc68ec75e12d9076f9dfb32d6b9ae2381d7fd2642010178ab011923595999e375d3d379ad79ac3533c64cf74c3f2e638d546aaf8967ed7593eca3de8f51fb38f7baca545949c6defffb0848a557d2b7e476ebacb3735e2738ee0964ed9d5969fd0078a3aaf64eda51bd0fcdbd7e718cebf5be673a473a7b0923f7e9e35a27afb1b7fb26fb3d428ebdeff7febe1efb40ab3d8154b2f6c9bce775f96aadfd97ef7074cedbca5aebf54cf9161080b71c90aaebe0dcecedba7354d6bac763af7f24f30a4a5da7b7effb47c6e3fe915baacf1caf2bf37bbcd9779c3fce2db98eb8aaf4dae7c73fee0359fb30ae7576cebe3ed60f80b7198ffd8a9e91eb3d417abfd6af1e1919595d57447648aea373f37afee1de865bd74d877b02f9e004dd8fde4cf0baeb7caf8c5cf798773f16ca77303aeb7eb4898000bc59d7db366577e37eb2c8fd0da6f68d83fd88463db2f1fad9fbc0dcfbbd2463bccb711f6b3e388f3dfb8ef22b29f7f7d04d3e3e0beb9e95eefdc624110f80bf8590dc172b3af76b5abf78b3a97f6b8aa9d74319ab66867f4e80ffe8ea17cfff5e7aee95290101e0ff8f80002020000808000202808000808000202000080800020280800080800020200008080002028080008080002020000808000202808000808000202000080800020280800080800020200008080002028080008080002020000808000202808000808000202000080800020200020280800020200008080002020002028080002020000808000202000202808000202000080800020200020280800020200008080002020002028080002020000808000202000202808000202000080800020200020280800020200008080002e29f000001014040001010000404000404000101404000101000040400040400010140400010100004040004040001014040001010000404000404000101404000101000040400040400010140400010100004040004040001014040001010000404000404000101404000101000101000040400010140400010100010100004040001014040001010001010000404000101404000101000101000040400010140400010100010100004040001014040001010001010000404000101404000101000101000040400010140400010100010100004040001014040004040001010000404000101404000404000101000040400010140400040400010100004040001014040004040001010000404000101404000404000101000040400010140400040400010100004040001014040004040001010000404000101000101404000101000040400010100010140400010100004040001010001014040001010000404000101000101404000101000040400010100010140400010100004040001010001014040001010000404000101000101404000101000040400010100010140400010100004040004040001014040001010000404000404000101404000101000040400040400010140400010100004040004040001014040001010000404000404000101404000101000040400040400010140400010100004040004040001014040001010001010000404000101404000101000101000040400010140400010100010100004040001014040001010001010000404000101404000101000101000040400010140400010100010100004040001014040001010001010000404000101404000101000101000040400010140400040400010100004040001014040004040001010000404000101404000404000101000040400010140400040400010100004040001014040004040001010000404000101404000404000101000040400010140400040400010100004040001014040fc130020200008080002028080008080002020000808000202808000808000202000080800020280800080800020200008080002028080008080002020000808000202808000c05f1990ee5fff465592bcfe463d7e783c7dfce7fd5b02fc4da9fa2b5fc5ffd5488c1cabfbf189fdf8b19274ea7a7e74e4fe45eae36fa0eaf5b30078a3c14852a352a9fdda7dffb5eb753c95d4e383473d3eea4877a7d3a93a72ec5fec74ef58f43d1a8f88e4f52fba4f25d519d5e9b1bf608dcae8eb8bfb6f04f066278eaaca1895aa4ad5488d0f1ef57158f62b7aa7b392b5d2bd925ea9fa24999fe6e8c70b7fef01a33fa8cefd8b3d1e9d3192b1921ec9ea648c7a1d4eba0404e04d4f20c91823638cd41c1963ee8f6b3faaea1a183a559df44afa4cf799ee5b7a9dc9d3df658eaf72ece923e933e9ae4748ee15ca158f31ae47efe7eecaec5ca350e51e2217b200defe0432c6c89c3373cc8c313f98442aa96b9ae895e4b6c3d12fe9f365c723df67f56f73acb52789d549afdeb1b95f074b67d4fe78553d0232c71e70aa2ae7aa54d78e4fd7bfbad602c01b8847ae80cc913946e6b127903947e61cfb353e7bf2a8ace41e8ef5925ecfe9e3f719e3e7ccfa3ebd3ecfb156679d49afca5a5770c6eb5fd8a93df25c81989dd43192b35263246b3c7e6fafa300f0262332f6b2c4a8b1a7907b38eef1a82463a572a672db0159cfe9f3393d7f4cbdfb3973fe395ddfa6fa7d8e5ec9eacad9c95ac9dadd49f57d31a532aad27324a92b2823a991b347aa477a5d01b96fc702e00d4e215740c67e5ddf11a9ccb137468d5a198f78bc24fd9cf44cdefd25997fce38fe9ccc1f73d4d7e99e39562ae799ac55597d9f42760cea7aa446c6aa648ecc1ae9de01a91e59bdaf71dd9ff503e0ad06e45ad3aeebcad2b8a23156c6385375a6f292ea97a45fd2c70fe977ff3979fa53c6f863327f48cd6f53f545ba578ea472aee43cebf19873ecc5f1dc57e4f78893b557d27bed29e41e9dfba52deb1f006f3b20b976d4567a87a3ce8c2b1ca36f19794e8edfa79ffe943e7e4a8e1f93f97d6afe5dc6fc5d7a7c9591f7e97ec951a9acb517c3cfb5278a73ede9a2323232f65ee11a1955498f3d9df4be5eb6ee37965cf568150178c313c88ec79e36ce54dd32f2b203f2f45df2eea7e4694f1b39fe90cc6f53f377c9f82a357e93aecf929ae9f39f73a42a6b8ddcce91db1a99e75e5459eb7e63c948321edb7547551e5b7fb352bd6f2ee95c5bb94a4000de664192ba56ba1f97abaa53ef7e4abdfb63f2f463727c9f3ebe4be6b7c9fcfa0ac717497d96d4fb54bd4b92acee1cc9b5207e1b39cf99f31c795933b5466aeddf9bd76ded554975a76aa573a6c799ac5b3a6792951e1fdd8908c09bd28f80647e9d7af773eadd8fc9f143f2f47d727c979edf24f3ebf4f86d529fa7ea9374bd4fd5539299bdd177a5c6538ed448d5cc999197dbcc3866c63972bb765a1d9dd44c6aec70eced5d67aaaf8596baa5f394ccaf92f169524f713321c05b1c3f8ea43e491d5f26f377c9d31f92e3bbe4f83699dfa4c797c9f822199fa7ea7dba9e921ca98c7446ee879c54275d2347ed3aa4eac8ed1c99b77d5bfbfd84c43e92eebd423feab6479ebca4f29c7af787e4e9a7d4f1dd35ea7c92e4e997473c02f0160292b15fa7c717c9f86a4f1af33fa5e66fd3f5f93504bcbb06813d6d3c4ec6ea5f7fbde31e8fd4fec32f2f3b1edd491f9d639d59f39659b78cf19c91e7cc777f487dfa73eadd9faff1e7f7a9f9dba4de27390404e08d06a4eb29a94f762cc667c9f83c5def77381ed118d751badbaff646d5dea7fb3a815c6b21ab2b2fcf49af95759e39e74be678ce1cff92e3ddd7393effafa94fff3ef5fe4f19ef7e4c9ebe4dcd2fd3f3b3ab5adea30ae06d06a4ae61e1b82e67bdbb3ebec271edf3fd3018ffdec6da233553d911b9af5dac75e6f95f6eb9d5738ef99c39ce7cf2e53f657ef697e4b3bf4f7ff253eafdf7c9d337c9fc4d7a7c9a1af77a993e00de6643eaa369e457d1f82bc3f108c8c7f1d8a72feec3b39e739eff9c7eff4d8e2fff7bc66ffe21e38b9f539ffc31f5fef7a9e3ab647eb6afa7d5bc2a261e007f0bd3c887efdcf1a1bff656be4eef3590d717febece7b7fde37897cfa433ef9ea7fe4fd97ff2dc717ff25f3d31f32de7d933abe48cd4f93713c0ad6e201f037e9fff9feefde27f51e8f37fce80fde3864bda48ecff3fe37ff90f7bffdc7bcfbcd5ff2f4e94f99ef7f97717c911af715fa2b1c6efd00f80f529b95ee5bd6f97ff27f0700ae924f8523002c210000000049454e44ae426082, 'Estate Location 1', 'Disclaimer text for Estate 1', 0x89504e470d0a1a0a0000000d49484452000009c4000001f4080600000019e6bcf7000000097048597300000b1300000b1301009a9c18000000206348524d00007a25000080830000f9ff000080e9000075300000ea6000003a980000176f925fc546000026774944415478daecddd992da4ab380d114cdfb3fde79946dbb07d5b9a04a940a31f56070fe6b4528108385e8f0e517995379fdbf12658e888fc351dae37bf7f8d63dd623de22ca6b3d7f3dbe5e5e8f9f8bf7fadafbe1bcbf7ecc71f8de76948852e2a03d8ee70000000000000000003c5edf7ad563e9c1fa4eecfdd08f2d5dd99fda9dfdee8ed725213b79dc7a6debbd7aec8fcf2222a6e331ed0e3738ed22caae3ebe1cae30b598eda59ebf1c7fc8f412c7c06e7738da3562eebea3371d1f4ad97e0f00000000000000008007eadbae29b6079f0da15c3f34add450aebc77c7db2a683b392ec5701bc7ee24409bba282e76f5f1a51ebb43f0d69e8fe7d3f8b95d778d6b470c7f2c0000000000000000009ec756ebd51ba3b8b639b49b1cd7a6c645db4c5a2e0771b7c472e727c48d375ea3b8a9d4297175fadb5427c22d13e3f6eb8971d14d896b93e5a6b95ea3fdc0763e75dfd9fdbdcad61f0a000000000000000080c76ad3e13663af38add63ece4c877bfffc74b83393e2f6eb57869b9e7675856989e3b4b797e315a7fde17189e1ce857173f7efdb79bde614f533d3fa0f32d5e7a5848971000000000000000000cfa63567fde4b86e4a5c19a2b8d574b8b793edaa5f3ee26c10d74d886b51dcf4521feb8d4e2d84dbd7f8ad8fe15e8630ae7e76aa53e5a6fec79e5b9bdadd0a000000000000000000cfe164c859d978bf1ecb40b5b94e84fbb83e1d6e6b12dc998970abaf3e4c889bb76f6a15aab5d5a9bb2e68ab3739cd11a54e8a5b4d8c9bbb306eee02ba3619ae4571719ca0b7dcf914d6a40200000000000000003ca1a9f65d4bf3b535f5ac2bdaca7c08e1fa0971df300d6e6bc25c17c4b5373726c52dab53dbbad4ba3a7589dae6615dea18c6b51ff4729c1237ded9b4ab9fdf757f24eb520100000000000000009e47d7974d1151face6b9c1ad74d876b2b53cbdb713a5cfbd8b52971d7a2b8d5cad4327777b771d3fd84b888614a5ce9d6a596f57ad47889258e5b56abd6c97253a9d7e8bf6aaeb730ae5335290e0000000000000000e0390c4dd7326c6dab3f6b1dd8c771556a5c88e1e6b83f8a1be2b8fda1bc1bebbc31449b0e63eeca14c7c9709756a7f67b5fdbd4b86e625c7f2753199ab7fa5a7bb108e20000000000000000009ec758add5f66c9aba166c5899dad6a5b6e970f71c97c2b8feeb625999da62b816c66dad2a9d623d2dae5f9ddaaf477d391fc62d13e486106ed5df0d773c59990a0000000000000000f01c6a5b56fa186e635d6aa9c3d6c6182ee6e3653ebb2a756b656ab58fd24d889bfa9b1ba3b87e4adcee744adc12bbb518eee5f0feb23af5a58be64a17c5b5f0adddd8b9840f000000000000000080c7694d59ebbdbaeeec24f56ac3d43e6259991aef5f9f08772186ab2b53dfe330e9ad8fdd2e4471ab297173fdfccb7a756a7431dcf4d23d9fbb6972bb388675e578f932fb7f030000000000000000f07456ab40e374325cc4ba68ab41dc12c3bdddbf2ef542fc76f2b5b14c889b23a61aa84519c2b88d7fb54c94db0d71db2ea2d435aacb54b87e4adc477dbfff6c7fe7e76a410000000000000000001e6b1cb036be3d8c792bdf10c36d85707d241731ac4c6d13e2da4ed755185727c74de77ec43029ae3f96e06de3f9b43b8ecb5bad626dcffb9b54c70100000000000000003cde38212ee264845bdb345aeaaad42586fb6210b735312e4e6f671fe5bd8be06a18379558a2b868f15aff83cae90f9da68de96f63005703bb18cfb746e75dfa23020000000000000000f0385dd355baa970ab18ee23a2bcc76168dbc7f19f7d6655ea0d315c449b10d7876c314c725bc6dc8dd1da4614b739ed6dda88e1ea752eae47bd70d7000000000000000000fc655b95da3c1c5d08d762b87e3adcf8cfef59973adec2c6edad27c42d21dccbe1dd56ee4d7dcc16c35d9d73cbf4b7737fb772e377000000000000000000f077745d5769315c7d2c75325c6953e13eba55a96f9f9f0c17713e8edbb8b58d09712ff566c7e775da5b1fb795392ee778b7fe91b68e394c890300000000000000007826a576631beb5197a34e855ba6c3cdf74f85bb654adcc6f3c384b816bf95dde126a797c36be52562aa715cecd6ab5097abd470ad94fbfe28fd04bad2ef8f9d63550e6efe02000000000000000000feba93d6ab9f0af7dead4aad93e1e2b5febbb86f3adcc9f79e796f787e9810b75a97baeb26c495617adcb83a75630fece6d4b86b53e0c618ae3db732150000000000000000e03974dd5799e310c0f553e16a08d7c770e5fdebd3e16e8ce1225613e2a638ac47eda6c495615a5c94616d6a37e5ed248aeb27c7cd67deef46e62daf7d0c53e204710000000000000000008fd555696d325cbf1eb5b4c7fe78fd5af4566eb89d4137216e8af5bad4723a2d6eb536b5bf728975c8d6c56dedf532ec8b3d397fefce4d88030000000000000000781e7db1361f9baff276785c26c3bd1e8e78bd3f88bb14c8dd98910d13e276356a7b8998e63a15ae9b16172fdd84b8e9f82dabe96e7de4368471cbbed86e445ebf3b36c66971e3af030000000000000000e031fa8da11fc715a92d825b85707fae876eb74e87bb61556ad34d886bab5277f5c6fbd5a96d4adc5c5f1fd6a6aeaabf8f63dc56ded7477447d9385fa2b861ed2a0000000000000000000f565bb132ae4bed23b8fe31b68fad5969d702b9b8f05a67bf4c729b76719c1057bae7e510c2c54b8de1da34b9fe4bba35a9fdf4b7d888e0da7ed8781bcefb95a97d14278803000000000000000078bc56b3f59d581fc3d523fedcb60a75eb7ceb2bb7cecfd81fe2b3a9c667bb6142dc2e626ae77d24370471cb8f9ce318c3bd0d13e2de3662b8d721887b1f56add620ae88e20000000000000000001eab956b1f1782b8df11f3fbe520ae6c5c322e7ce60e870971535b815a8630aeae4b3d89e4ba20aef473ec3ed613e25aec361ecb1fe12d0e3b63df62b5327515c589e10000000000000000001e6a196ad686a7b501686febe970e5cff518ee33eb516fccc8f6879b8b58a6c12d615ca9cf5f8ed1dbe684b82e886beb4ecbd69ad4614a5c1fc32d53e25a4cb715c409e30000000000000000001ea76dfb6c9dd8db31888b2e86ab1f3dbb26f5520cf7c54cecb832354a0ddd5a1857ba10eea57b3e7713e5da8fec569c963e841b62b8a8ab5463589b7ab232b54d896b93e7000000000000000000789c6e425ce982b86883d15eeb6b71fb54b8feb297a6c5dd11c91d26c4c5d41d7535ea3804ae457231d5706e1aee705eaf4b8d8d6389e3ba6971fdebfddad425b0fbc24258000000000000000000be491b70d60f4e7b3d0e46bb35828bb86f5dea1df6c729707d1417dd74b86e5adc54226257ffe910c495398e93dd3ebaf0ad3f1f42b8550c374e89eb57a60ae20000000000000000001eaa6d185d3ab1b7d3182ee2720077695deae677de778bc70971a54e7f9b76719c1a17cb50b8e3c55b3c37fec8791dc3b53db12793e2ba2972fd1ad5258aeb57a60ae20000000000000000009e43db243ac7320c2dde0eafb5b7b7c2b872e17271e3676fb43fb942996bf0b65bdfe8d2c0b595a9fd5dccc70971d1056de563e3b52e8a8b6e72dc12c5b5cf7413e28a200e0000000000000000e0b1c60971adff8ad3896ff7ae4ffd26fbe3374ceb2f98e63844712d786b1fe9d6aa8eeb525793dd8630aefd01c675aacb6bed0f64421c0000000000000000c0f3692d59b749f4336b50e3cecfde617f2cddcae9174eade8ab61dc323dae0be2562b53fbd5a9c3c4b873c73235ee7d88e2e6ee0853e20000000000000000001eaa6fc5de63b3661b27c4c599e7d7bee693f697afb071774b3fd7deeb569bf6115be902b916c99579981837847131bcbec4765ffc950000000000000000007c519b10d79ab0b83e21ee5218576ef8ba3bed4fd6a52e57990e41dab471576563d16b99875f76268c8b3192fb583f5f76ccf6a19d180e0000000000000000e0715a2756e2d077ddf0f107e826c44db18ee3ba306ef33365fb3809d94a6c4e901ba7c95d7a0e0000000000000000c0e394be056baf6d7d2e2ebfffc3f6eb6f9fb67fc8b415c3f5ff6e8ce2c608ae7fdc3ae6339f9fbb3f240000000000000000008f53560fabf37399d75fcebff6676ffa248edb5aad5acefcdbad5fdbfd9b722ea21bde2b25ac4c0500000000000000007806e5b6976f09e37e2809db5fbef9e9b6d75753dcc688ad7b2c67c2b7935fbd7500000000000000000090d2372562bb74bf08000000000000000080ff493b7f020000000000000000003210c40100000000000000009082200e000000000000000080140471000000000000000000a420880300000000000000002005411c0000000000000000002908e2000000000000000000484110070000000000000000400a82380000000000000000005210c40100000000000000009082200e000000000000000080140471000000000000000000a420880300000000000000002005411c0000000000000000002908e2000000000000000000484110070000000000000000400a82380000000000000000005210c40100000000000000009082200e000000000000000080140471000000000000000000a420880300000000000000002005411c0000000000000000002908e2000000000000000000484110070000000000000000400a82380000000000000000005210c40100000000000000009082200e000000000000000080140471000000000000000000a420880300000000000000002005411c0000000000000000002908e2000000000000000000484110070000000000000000400a82380000000000000000005210c40100000000000000009082200e000000000000000080140471000000000000000000a420880300000000000000002005411c0000000000000000002908e2000000000000000000484110070000000000000000400a82380000000000000000005210c40100000000000000009082200e000000000000000080140471000000000000000000a420880300000000000000002005411c0000000000000000002908e2000000000000000000484110070000000000000000400a82380000000000000000005210c40100000000000000009082200e000000000000000080140471000000000000000000a420880300000000000000002005411c0000000000000000002908e2000000000000000000484110070000000000000000400a82380000000000000000005210c40100000000000000009082200e000000000000000080140471000000000000000000a420880300000000000000002005411c0000000000000000002908e2000000000000000000484110070000000000000000400a82380000000000000000005210c40100000000000000009082200e000000000000000080140471000000000000000000a420880300000000000000002005411c0000000000000000002908e2000000000000000000484110070000000000000000400a82380000000000000000005210c40100000000000000009082200e000000000000000080140471000000000000000000a420880300000000000000002005411c0000000000000000002908e2000000000000000000484110070000000000000000400a82380000000000000000005210c40100000000000000009082200e000000000000000080140471000000000000000000a420880300000000000000002005411c0000000000000000002908e2000000000000000000484110070000000000000000400a82380000000000000000005210c40100000000000000009082200e000000000000000080140471000000000000000000a420880300000000000000002005411c0000000000000000002908e2000000000000000000484110070000000000000000400a82380000000000000000005210c40100000000000000009082200e000000000000000080140471000000000000000000a420880300000000000000002005411c0000000000000000002908e2000000000000000000484110070000000000000000400a82380000000000000000005210c40100000000000000009082200e000000000000000080140471000000000000000000a420880300000000000000002005411c0000000000000000002908e2000000000000000000484110070000000000000000400a82380000000000000000005210c40100000000000000009082200e000000000000000080140471000000000000000000a420880300000000000000002005411c0000000000000000002908e2000000000000000000484110070000000000000000400a82380000000000000000005210c40100000000000000009082200e000000000000000080140471000000000000000000a420880300000000000000002005411c0000000000000000002908e2000000000000000000484110070000000000000000400a82380000000000000000005210c40100000000000000009082200e000000000000000080140471000000000000000000a420880300000000000000002005411c0000000000000000002908e2000000000000000000484110070000000000000000400a82380000000000000000005210c40100000000000000009082200e000000000000000080140471000000000000000000a420880300000000000000002005411c0000000000000000002908e2000000000000000000484110070000000000000000400a82380000000000000000005210c40100000000000000009082200e000000000000000080140471000000000000000000a420880300000000000000002005411c0000000000000000002908e2000000000000000000484110070000000000000000400a82380000000000000000005210c40100000000000000009082200e000000000000000080140471000000000000000000a420880300000000000000002005411c0000000000000000002908e2000000000000000000484110070000000000000000400a82380000000000000000005210c40100000000000000009082200e000000000000000080140471000000000000000000a420880300000000000000002005411c0000000000000000002908e2000000000000000000484110070000000000000000400a82380000000000000000005210c40100000000000000009082200e000000000000000080140471000000000000000000a420880300000000000000002005411c0000000000000000002908e2000000000000000000484110070000000000000000400a82380000000000000000005210c40100000000000000009082200e000000000000000080140471000000000000000000a420880300000000000000002005411c0000000000000000002908e2000000000000000000484110070000000000000000400a82380000000000000000005210c40100000000000000009082200e000000000000000080140471000000000000000000a420880300000000000000002005411c0000000000000000002908e2000000000000000000484110070000000000000000400a82380000000000000000005210c40100000000000000009082200e000000000000000080140471000000000000000000a420880300000000000000002005411c0000000000000000002908e2000000000000000000484110070000000000000000400a82380000000000000000005210c40100000000000000009082200e000000000000000080140471000000000000000000a420880300000000000000002005411c0000000000000000002908e2000000000000000000484110070000000000000000400a82380000000000000000005210c40100000000000000009082200e000000000000000080140471000000000000000000a420880300000000000000002005411c0000000000000000002908e2000000000000000000484110070000000000000000400a82380000000000000000005210c40100000000000000009082200e000000000000000080140471000000000000000000a420880300000000000000002005411c0000000000000000002908e2000000000000000000484110070000000000000000400a82380000000000000000005210c40100000000000000009082200e000000000000000080140471000000000000000000a420880300000000000000002005411c0000000000000000002908e2000000000000000000484110070000000000000000400a82380000000000000000005210c40100000000000000009082200e000000000000000080140471000000000000000000a420880300000000000000002005411c0000000000000000002908e2000000000000000000484110070000000000000000400a82380000000000000000005210c40100000000000000009082200e000000000000000080140471000000000000000000a420880300000000000000002005411c0000000000000000002908e2000000000000000000484110070000000000000000400a82380000000000000000005210c40100000000000000009082200e000000000000000080140471000000000000000000a420880300000000000000002005411c0000000000000000002908e2000000000000000000484110070000000000000000400a82380000000000000000005210c40100000000000000009082200e000000000000000080140471000000000000000000a420880300000000000000002005411c0000000000000000002908e2000000000000000000484110070000000000000000400a82380000000000000000005210c40100000000000000009082200e000000000000000080140471000000000000000000a420880300000000000000002005411c0000000000000000002908e2000000000000000000484110070000000000000000400a82380000000000000000005210c40100000000000000009082200e000000000000000080140471000000000000000000a420880300000000000000002005411c0000000000000000002908e2000000000000000000484110070000000000000000400a82380000000000000000005210c40100000000000000009082200e000000000000000080140471000000000000000000a420880300000000000000002005411c0000000000000000002908e2000000000000000000484110070000000000000000400a82380000000000000000005210c40100000000000000009082200e000000000000000080140471000000000000000000a420880300000000000000002005411c0000000000000000002908e2000000000000000000484110070000000000000000400a82380000000000000000005210c40100000000000000009082200e000000000000000080140471000000000000000000a420880300000000000000002005411c0000000000000000002908e2000000000000000000484110070000000000000000400a82380000000000000000005210c40100000000000000009082200e000000000000000080140471000000000000000000a420880300000000000000002005411c0000000000000000002908e2000000000000000000484110070000000000000000400a82380000000000000000005210c40100000000000000009082200e000000000000000080140471000000000000000000a420880300000000000000002005411c0000000000000000002908e2000000000000000000484110070000000000000000400a82380000000000000000005210c40100000000000000009082200e000000000000000080140471000000000000000000a420880300000000000000002005411c0000000000000000002908e2000000000000000000484110070000000000000000400a82380000000000000000005210c40100000000000000009082200e000000000000000080140471000000000000000000a420880300000000000000002005411c0000000000000000002908e2000000000000000000484110070000000000000000400a82380000000000000000005210c40100000000000000009082200e000000000000000080140471000000000000000000a420880300000000000000002005411c0000000000000000002908e2000000000000000000484110070000000000000000400a82380000000000000000005210c40100000000000000009082200e000000000000000080140471000000000000000000a420880300000000000000002005411c0000000000000000002908e2000000000000000000484110070000000000000000400a82380000000000000000005210c40100000000000000009082200e000000000000000080140471000000000000000000a420880300000000000000002005411c0000000000000000002908e2000000000000000000484110070000000000000000400a82380000000000000000005210c40100000000000000009082200e000000000000000080140471000000000000000000a420880300000000000000002005411c0000000000000000002908e2000000000000000000484110070000000000000000400a82380000000000000000005210c40100000000000000009082200e000000000000000080140471000000000000000000a420880300000000000000002005411c0000000000000000002908e2000000000000000000484110070000000000000000400a82380000000000000000005210c40100000000000000009082200e000000000000000080140471000000000000000000a420880300000000000000002005411c0000000000000000002908e2000000000000000000484110070000000000000000400a82380000000000000000005210c40100000000000000009082200e000000000000000080140471000000000000000000a420880300000000000000002005411c0000000000000000002908e2000000000000000000484110070000000000000000400a82380000000000000000005210c40100000000000000009082200e000000000000000080140471000000000000000000a420880300000000000000002005411c0000000000000000002908e2000000000000000000484110070000000000000000400a82380000000000000000005210c40100000000000000009082200e000000000000000080140471000000000000000000a420880300000000000000002005411c0000000000000000002908e2000000000000000000484110070000000000000000400a82380000000000000000005210c40100000000000000009082200e000000000000000080140471000000000000000000a420880300000000000000002005411c0000000000000000002908e200000000000000000048e193415c39737ee973f10d9f030000000000000000e0619e3cf5dadd7787e513ef97c351caf1fcd26b9bef010000000000000000f0349e34ebda5dbecb72e1eecbf0fe10b1956be1db5cdf9bbbcfcdf5f5f9f83e0000000000000000008f57bee1333f9c84ed8fdf325db88329b663b921685b42b77a947ac4473db6cee788d2bfd69e173d1c0000000000000000c0b3393767ad9c39bff57adf60bfbeeab47df552367ab90b11dc12bd0d47793fc46ea53b8ff7fa5e3d2fef2186030000000000000000784265e3b15f36baf5995baef74df68775a61131b518eecc34b865885c7daff421dc4737e5ad0fde8623c6e3adbef7d69d971ffbb10000000000000000007cd118c3c5c6f35b82b973d7fd82e384b8258cdbfad87c78a34cc35df62b4edfbbb8ad0bdeda51daf15a8feef9f2fec60f13c50100000000000000003c97317ebb6542dcb5e7df607f72d5d24d899ba67ade8ee1d7f4eb514b9df01663f456cfe335a2fce9defb7338e2b5867477fc21000000000000000000789cad09709726c48dffee87ec0f53de46357e5b26c2d5c769aac1dc99e970ab18eecf70fcee1e7f77af7f9cfe7013e20000000000000000009ed7a520ee960eec87bab0fdf9b16cd3e9795bab1af3301daead4a7d1b62b85f357efbd58570fd51ce57813ff8a3010000000000000000f882ad95a9978e88bfd2851d27c4955b12bc73d3e1deba20eecf3009eed7e198ff3b9e973f0ffdd10000000000000000007cd2b9b5a8b7ac4ebdb63df48bddd8fe30e9edda88b6eeb1d418ae4d865b82b8ba2a3586206efe15515a0cf75fc4fc76fe87979ffba10000000000000000007c935ba3b87321dc5637f60df687b5a7c33794ad5aad8673cbaad4f78d55a9af3584fbb39e0e57feab61dcc7538cc5030000000000000000e0932ecd5dbbd686952bd7fca24310b70ae0e6f59d2c13e4fa35a96d3adcdb713a5cbc0e93e1fa20eed7c9656f8ae14471000000000000000000cfe75c0cd79fdf3221ee9bed0f815b17bd9d0470739cc470cb9ad4b73884702d86eb82b825847bdfecec4c87030000000000000000f847940bafddb336f5d630ee930dd9fe30e5ad0be09608ee63386f53e16e8de15ed7119c200e0000000000000000e0df552e3cbf6542dca5306eebfa9fb03f446e1fdd24b88f21826b13e13ee210cfbd772b52b762b8dfa701dcb9f3b8f203010000000000000000781ee7a2b8cfae4efd66fb43dcd642b82182db9c0af73684707fce8770fdf3392e4f86331d0e0000000000000000e0b95d9b12d71ecf45715bef6f5df793f6cbd4b7d534b8f7eeb19f0af776662a5cdc3e15eedabad46ffc71000000000000000000fc8072e5fcdc06d15b86a77da11fdb1fc2b63184eba7c18d53e15e6b04f727a294ef8de14471000000000000000000ff866bd3e22ead53bd749d2fa841dc9910aebc46c46b8de05ebba970e5b6f8ed5a0cf74363ef000000000000000000f801b74c753b3720edda67be410de2fa08ee2d4e23b876cce783b7ef8ee1c471000000000000000000cfefdaa4b8adc75baf75a7fd61e25b9b0637ae466d13e13e4e63b69f8ae18470000000000000000000ff866b2b506f39ff463588eb26c2453f11eef57af02686030000000000000000f8df536e7cbd7cf2df7dc23ecaaf8dd5a8bf234ab92d7abb14c79d0be1c470000000000000000000ffaecfac3e2d5fb8de8df631ff8ae354b8ba3ef5dad4b77b83b8d8781e2188030000000000000000f897956ff8cc37b663fb28ff7531dc7c5ff4b615c0cdb11dc15d5a95facd3f0a0000000000000000800729dffcb93b74415cdc16bfddb322f5b36b52c57100000000000000000039fd601fb68ff9cffdeb50afad548d30190e000000000000000080bfda88ed9f6a32dc03ff10000000000000000000fcdbf657a3b75b26c3459c0fe2b61e47c237000000000000000000be687f12bedd13c27d752a9c100e0000000000000000806fb2fff474b84b41dcd6634f08070000000000000000c037bb6f65aa180e00000000000000008027b5bf6b55eaad41dc787ee935000000000000000000f806db13e2b642b8b9fe8bf6784f0c2784030000000000000000e087edafc670e3f308311c0000000000000000004f677f570c3706711162380000000000000000009ec27e3386db0ae12ec5705be19b180e000000000000000080bf6827860300000000000000002083ddd9004e0c070000000000000000c03f64b70adfb6e2b808311c0000000000000000004fefff010000ffff0300c89550713bce373b0000000049454e44ae426082);
INSERT INTO `estates` (`EstateID`, `Logo`, `Location`, `Disclaimer`, `AgentLogo`) VALUES
(2, 0x89504e470d0a1a0a0000000d494844520000019000000190080600000080bf36cc000000097048597300000b1300000b1301009a9c18000000206348524d00007a25000080830000f9ff000080e9000075300000ea6000003a980000176f925fc5460000102d4944415478daecdddd925cc7959ee16f65ee06f8279134250e4552b4141c3b34330e1ff80a7cebbe13df8567ba6be7f241eeaa06c89909d947ad98e78928141a40373ac0887ab976e6ceaafffdbffe67a7669291aa4a5279d5fbc7eefdf35e49ad5456aa56aacffd5c2be94eaa03c0dbb45fcb935e2bdd2beb3cb3fa4c9f67ce754bfa4cdf9ffbf5b9fbdcafffb95eeb2f47f74aa592aadd80ca0711a9249d312a55c91c95aacaa8ebf9fabcbafe5c72ff7c00de563c3e8848276bf5ebe35c396f2be7ba9ecff38ac7f96fc6233572a4cf74d51e1e6a7e1491aa64ceca1c9d313e08c8f8202057661ee1695308c05b0e49a7d36b47a4cf95f35c59c7ca793b731b675e5ecedc5ecedcd6edd7f1b85fa9aa91a3fb965a498f23d5fb17bb937924c7ac1c33992319b33247528fe9e3f5e7e9fd454b3c00de6e3c3e9c4656a75767cd3d81acf3cc5967e63833c66d3f3fafbcdc567a7d188f91d448d5dc0149724524199d1c4f23f3489e8e643e02928cca75092ba96b42a9fb77556dfa0078f3f9d805e9d17b2d64adacb11fa3763c46adccac8cac8cea3c3f272b3b1e5533a9b90392754b8f3c22329f9263768e63e49823f3d893c7b81eaf97ab5ee351e31e915f7c9300bcad885c1b9e7aadf4eca4ce549d19b91e5748f666a97e2c893fbf5456c6231ed913c84b6a757a5cd3c64c8e3973cc5c97af2a63eea9638cbd1bab7ef18de4be4b2bcb1002f006d5e37feef79a4655a7ee3b6beb4c8f33951d93eafb6edbfb678f74cdbcbc1c49cd641ca9cc1cbd6ec9fdd2d5b8a2715db69ab333e778ecc2aacab5a0b283d1dde9ac645d8b2c71190be06dce1ebf0848f64eab4734ee01c94a1dfd1a8f1e3b203db37ae6ec1d8fc70492d599c7158d91ccd1d7ceab9151732f963f76585de1e895f47aec274e9ffb1b141080379b91bae2d13953b9ede77e8dc7a8951af73dbf95bea68f95995533fd3cd399a91a7b0da4e687e1c8158fceac79fd65630f407ddf43dcfbe693753dfa4cd615106b20006fb41f7ddd0cbee3b1a78f5b46ce241fac7b642f5f648e74763056cfac3573ce91dbda5b79f736deea8cc72319d5998feb6433e991ee7d05adaf1b4fbacfac73dfa5b89fcfc77402c0db725fbbae5a49ce8cbaa5fab6d73feadc3bae465fcb157bc7d59833a366668ecc9e993d73ac91f3797fb5a3fb96599d59d71452d9234c1d1959d76431f66325e7dab7c1af75e65c67fabc5dd3c8fd52968000bcc582d40797b056dd7644ea96d4791d45d58f1bc56b8c54cfccccf4dcf118e7de545595ac5e392a6746f5630ad91bb58e5456d27ba1a4d79e40763c72ddeebe2f5f9d6b9f9db203d21f2cd400f0765cc74de5daa67b0564d499ae9539d7757a55edb5efecedba35664646468fcc591963b762adce517dcba8718d2e9d51d7a5ab9e49eef11859abae47e73c3be7b92f61ad75e63c6f596b4f1f0202f0260790dc2f618decadbbb36ee97126f37ee96aa46abfe6d7b82292eb32d6a87da5aa7a5ff6ea95a3ea7c5d03b98f378fb34fce748ff43d1e6772de92f35cb99dd765acf3be16b21e0bec00bccd29e43e288c5ae9b1321eafd9e371d9aa72a4fbd811a9bd89aa56ae41e3cca8bd05f8a85a1fc4a3b38f48fc381ebdc68ec75e12d9076f9dfb32d6b9ae2381d7fd2642010178ab011923595999e375d3d379ad79ac3533c64cf74c3f2e638d546aaf8967ed7593eca3de8f51fb38f7baca545949c6defffb0848a557d2b7e476ebacb3735e2738ee0964ed9d5969fd0078a3aaf64eda51bd0fcdbd7e718cebf5be673a473a7b0923f7e9e35a27afb1b7fb26fb3d428ebdeff7febe1efb40ab3d8154b2f6c9bce775f96aadfd97ef7074cedbca5aebf54cf9161080b71c90aaebe0dcecedba7354d6bac763af7f24f30a4a5da7b7effb47c6e3fe915baacf1caf2bf37bbcd9779c3fce2db98eb8aaf4dae7c73fee0359fb30ae7576cebe3ed60f80b7198ffd8a9e91eb3d417abfd6af1e1919595d57447648aea373f37afee1de865bd74d877b02f9e004dd8fde4cf0baeb7caf8c5cf798773f16ca77303aeb7eb4898000bc59d7db366577e37eb2c8fd0da6f68d83fd88463db2f1fad9fbc0dcfbbd2463bccb711f6b3e388f3dfb8ef22b29f7f7d04d3e3e0beb9e95eefdc624110f80bf8590dc172b3af76b5abf78b3a97f6b8aa9d74319ab66867f4e80ffe8ea17cfff5e7aee95290101e0ff8f80002020000808000202808000808000202000080800020280800080800020200008080002028080008080002020000808000202808000808000202000080800020280800080800020200008080002028080008080002020000808000202808000808000202000080800020200020280800020200008080002020002028080002020000808000202000202808000202000080800020200020280800020200008080002020002028080002020000808000202000202808000202000080800020200020280800020200008080002e29f000001014040001010000404000404000101404000101000040400040400010140400010100004040004040001014040001010000404000404000101404000101000040400040400010140400010100004040004040001014040001010000404000404000101404000101000101000040400010140400010100010100004040001014040001010001010000404000101404000101000101000040400010140400010100010100004040001014040001010001010000404000101404000101000101000040400010140400010100010100004040001014040004040001010000404000101404000404000101000040400010140400040400010100004040001014040004040001010000404000101404000404000101000040400010140400040400010100004040001014040004040001010000404000101000101404000101000040400010100010140400010100004040001010001014040001010000404000101000101404000101000040400010100010140400010100004040001010001014040001010000404000101000101404000101000040400010100010140400010100004040004040001014040001010000404000404000101404000101000040400040400010140400010100004040004040001014040001010000404000404000101404000101000040400040400010140400010100004040004040001014040001010001010000404000101404000101000101000040400010140400010100010100004040001014040001010001010000404000101404000101000101000040400010140400010100010100004040001014040001010001010000404000101404000101000101000040400010140400040400010100004040001014040004040001010000404000101404000404000101000040400010140400040400010100004040001014040004040001010000404000101404000404000101000040400010140400040400010100004040001014040fc130020200008080002028080008080002020000808000202808000808000202000080800020280800080800020200008080002028080008080002020000808000202808000c05f1990ee5fff465592bcfe463d7e783c7dfce7fd5b02fc4da9fa2b5fc5ffd5488c1cabfbf189fdf8b19274ea7a7e74e4fe45eae36fa0eaf5b30078a3c14852a352a9fdda7dffb5eb753c95d4e383473d3eea4877a7d3a93a72ec5fec74ef58f43d1a8f88e4f52fba4f25d519d5e9b1bf608dcae8eb8bfb6f04f066278eaaca1895aa4ad5488d0f1ef57158f62b7aa7b392b5d2bd925ea9fa24999fe6e8c70b7fef01a33fa8cefd8b3d1e9d3192b1921ec9ea648c7a1d4eba0404e04d4f20c91823638cd41c1963ee8f6b3faaea1a183a559df44afa4cf799ee5b7a9dc9d3df658eaf72ece923e933e9ae4748ee15ca158f31ae47efe7eecaec5ca350e51e2217b200defe0432c6c89c3373cc8c313f98442aa96b9ae895e4b6c3d12fe9f365c723df67f56f73acb52789d549afdeb1b95f074b67d4fe78553d0232c71e70aa2ae7aa54d78e4fd7bfbad602c01b8847ae80cc913946e6b127903947e61cfb353e7bf2a8ace41e8ef5925ecfe9e3f719e3e7ccfa3ebd3ecfb156679d49afca5a5770c6eb5fd8a93df25c81989dd43192b35263246b3c7e6fafa300f0262332f6b2c4a8b1a7907b38eef1a82463a572a672db0159cfe9f3393d7f4cbdfb3973fe395ddfa6fa7d8e5ec9eacad9c95ac9dadd49f57d31a532aad27324a92b2823a991b347aa477a5d01b96fc702e00d4e215740c67e5ddf11a9ccb137468d5a198f78bc24fd9cf44cdefd25997fce38fe9ccc1f73d4d7e99e39562ae799ac55597d9f42760cea7aa446c6aa648ecc1ae9de01a91e59bdaf71dd9ff503e0ad06e45ad3aeebcad2b8a23156c6385375a6f292ea97a45fd2c70fe977ff3979fa53c6f863327f48cd6f53f545ba578ea472aee43cebf19873ecc5f1dc57e4f78893b557d27bed29e41e9dfba52deb1f006f3b20b976d4567a87a3ce8c2b1ca36f19794e8edfa79ffe943e7e4a8e1f93f97d6afe5dc6fc5d7a7c9591f7e97ec951a9acb517c3cfb5278a73ede9a2323232f65ee11a1955498f3d9df4be5eb6ee37965cf568150178c313c88ec79e36ce54dd32f2b203f2f45df2eea7e4694f1b39fe90cc6f53f377c9f82a357e93aecf929ae9f39f73a42a6b8ddcce91db1a99e75e5459eb7e63c948321edb7547551e5b7fb352bd6f2ee95c5bb94a4000de664192ba56ba1f97abaa53ef7e4abdfb63f2f463727c9f3ebe4be6b7c9fcfa0ac717497d96d4fb54bd4b92acee1cc9b5207e1b39cf99f31c795933b5466aeddf9bd76ded554975a76aa573a6c799ac5b3a6792951e1fdd8908c09bd28f80647e9d7af773eadd8fc9f143f2f47d727c979edf24f3ebf4f86d529fa7ea9374bd4fd5539299bdd177a5c6538ed448d5cc999197dbcc3866c63972bb765a1d9dd44c6aec70eced5d67aaaf8596baa5f394ccaf92f169524f713321c05b1c3f8ea43e491d5f26f377c9d31f92e3bbe4f83699dfa4c797c9f822199fa7ea7dba9e921ca98c7446ee879c54275d2347ed3aa4eac8ed1c99b77d5bfbfd84c43e92eebd423feab6479ebca4f29c7af787e4e9a7d4f1dd35ea7c92e4e997473c02f0160292b15fa7c717c9f86a4f1af33fa5e66fd3f5f93504bcbb06813d6d3c4ec6ea5f7fbde31e8fd4fec32f2f3b1edd491f9d639d59f39659b78cf19c91e7cc777f487dfa73eadd9faff1e7f7a9f9dba4de27390404e08d06a4eb29a94f762cc667c9f83c5def77381ed118d751badbaff646d5dea7fb3a815c6b21ab2b2fcf49af95759e39e74be678ce1cff92e3ddd7393effafa94fff3ef5fe4f19ef7e4c9ebe4dcd2fd3f3b3ab5adea30ae06d06a4ae61e1b82e67bdbb3ebec271edf3fd3018ffdec6da233553d911b9af5dac75e6f95f6eb9d5738ef99c39ce7cf2e53f657ef697e4b3bf4f7ff253eafdf7c9d337c9fc4d7a7c9a1af77a993e00de6643eaa369e457d1f82bc3f108c8c7f1d8a72feec3b39e739eff9c7eff4d8e2fff7bc66ffe21e38b9f539ffc31f5fef7a9e3ab647eb6afa7d5bc2a261e007f0bd3c887efdcf1a1bff656be4eef3590d717febece7b7fde37897cfa433ef9ea7fe4fd97ff2dc717ff25f3d31f32de7d933abe48cd4f93713c0ad6e201f037e9fff9feefde27f51e8f37fce80fde3864bda48ecff3fe37ff90f7bffdc7bcfbcd5ff2f4e94f99ef7f97717c911af715fa2b1c6efd00f80f529b95ee5bd6f97ff27f0700ae924f8523002c210000000049454e44ae426082, 'Estate Location 2', 'Disclaimer text for Estate 2', 0x89504e470d0a1a0a0000000d49484452000009c4000001f4080600000019e6bcf7000000097048597300000b1300000b1301009a9c18000000206348524d00007a25000080830000f9ff000080e9000075300000ea6000003a980000176f925fc546000026774944415478daecddd992da4ab380d114cdfb3fde79946dbb07d5b9a04a940a31f56070fe6b4528108385e8f0e517995379fdbf12658e888fc351dae37bf7f8d63dd623de22ca6b3d7f3dbe5e5e8f9f8bf7fadafbe1bcbf7ecc71f8de76948852e2a03d8ee70000000000000000003c5edf7ad563e9c1fa4eecfdd08f2d5dd99fda9dfdee8ed725213b79dc7a6debbd7aec8fcf2222a6e331ed0e3738ed22caae3ebe1cae30b598eda59ebf1c7fc8f412c7c06e7738da3562eebea3371d1f4ad97e0f00000000000000008007eadbae29b6079f0da15c3f34add450aebc77c7db2a683b392ec5701bc7ee24409bba282e76f5f1a51ebb43f0d69e8fe7d3f8b95d778d6b470c7f2c0000000000000000009ec756ebd51ba3b8b639b49b1cd7a6c645db4c5a2e0771b7c472e727c48d375ea3b8a9d4297175fadb5427c22d13e3f6eb8971d14d896b93e5a6b95ea3fdc0763e75dfd9fdbdcad61f0a000000000000000080c76ad3e13663af38add63ece4c877bfffc74b83393e2f6eb57869b9e7675856989e3b4b797e315a7fde17189e1ce857173f7efdb79bde614f533d3fa0f32d5e7a5848971000000000000000000cfa63567fde4b86e4a5c19a2b8d574b8b793edaa5f3ee26c10d74d886b51dcf4521feb8d4e2d84dbd7f8ad8fe15e8630ae7e76aa53e5a6fec79e5b9bdadd0a000000000000000000cfe164c859d978bf1ecb40b5b94e84fbb83e1d6e6b12dc998970abaf3e4c889bb76f6a15aab5d5a9bb2e68ab3739cd11a54e8a5b4d8c9bbb306eee02ba3619ae4571719ca0b7dcf914d6a40200000000000000003ca1a9f65d4bf3b535f5ac2bdaca7c08e1fa0971df300d6e6bc25c17c4b5373726c52dab53dbbad4ba3a7589dae6615dea18c6b51ff4729c1237ded9b4ab9fdf757f24eb520100000000000000009e47d7974d1151face6b9c1ad74d876b2b53cbdb713a5cfbd8b52971d7a2b8d5cad4327777b771d3fd84b888614a5ce9d6a596f57ad47889258e5b56abd6c97253a9d7e8bf6aaeb730ae5335290e0000000000000000e0390c4dd7326c6dab3f6b1dd8c771556a5c88e1e6b83f8a1be2b8fda1bc1bebbc31449b0e63eeca14c7c9709756a7f67b5fdbd4b86e625c7f2753199ab7fa5a7bb108e20000000000000000009ec758add5f66c9aba166c5899dad6a5b6e970f71c97c2b8feeb625999da62b816c66dad2a9d623d2dae5f9ddaaf477d391fc62d13e486106ed5df0d773c59990a0000000000000000f01c6a5b56fa186e635d6aa9c3d6c6182ee6e3653ebb2a756b656ab58fd24d889bfa9b1ba3b87e4adcee744adc12bbb518eee5f0feb23af5a58be64a17c5b5f0adddd8b9840f000000000000000080c7694d59ebbdbaeeec24f56ac3d43e6259991aef5f9f08772186ab2b53dfe330e9ad8fdd2e4471ab297173fdfccb7a756a7431dcf4d23d9fbb6972bb388675e578f932fb7f030000000000000000f07456ab40e374325cc4ba68ab41dc12c3bdddbf2ef542fc76f2b5b14c889b23a61aa84519c2b88d7fb54c94db0d71db2ea2d435aacb54b87e4adc477dbfff6c7fe7e76a410000000000000000001e6b1cb036be3d8c792bdf10c36d85707d241731ac4c6d13e2da4ed755185727c74de77ec43029ae3f96e06de3f9b43b8ecb5bad626dcffb9b54c70100000000000000003cde38212ee264845bdb345aeaaad42586fb6210b735312e4e6f671fe5bd8be06a18379558a2b868f15aff83cae90f9da68de96f63005703bb18cfb746e75dfa23020000000000000000f0385dd355baa970ab18ee23a2bcc76168dbc7f19f7d6655ea0d315c449b10d7876c314c725bc6dc8dd1da4614b739ed6dda88e1ea752eae47bd70d7000000000000000000fc655b95da3c1c5d08d762b87e3adcf8cfef59973adec2c6edad27c42d21dccbe1dd56ee4d7dcc16c35d9d73cbf4b7737fb772e377000000000000000000f077745d5769315c7d2c75325c6953e13eba55a96f9f9f0c17713e8edbb8b58d09712ff566c7e775da5b1fb795392ee778b7fe91b68e394c890300000000000000007826a576631beb5197a34e855ba6c3cdf74f85bb654adcc6f3c384b816bf95dde126a797c36be52562aa715cecd6ab5097abd470ad94fbfe28fd04bad2ef8f9d63550e6efe02000000000000000000feba93d6ab9f0af7dead4aad93e1e2b5febbb86f3adcc9f79e796f787e9810b75a97baeb26c495617adcb83a75630fece6d4b86b53e0c618ae3db732150000000000000000e03974dd5799e310c0f553e16a08d7c770e5fdebd3e16e8ce1225613e2a638ac47eda6c495615a5c94616d6a37e5ed248aeb27c7cd67deef46e62daf7d0c53e204710000000000000000008fd555696d325cbf1eb5b4c7fe78fd5af4566eb89d4137216e8af5bad4723a2d6eb536b5bf728975c8d6c56dedf532ec8b3d397fefce4d88030000000000000000781e7db1361f9baff276785c26c3bd1e8e78bd3f88bb14c8dd98910d13e276356a7b8998e63a15ae9b16172fdd84b8e9f82dabe96e7de4368471cbbed86e445ebf3b36c66971e3af030000000000000000e031fa8da11fc715a92d825b85707fae876eb74e87bb61556ad34d886bab5277f5c6fbd5a96d4adc5c5f1fd6a6aeaabf8f63dc56ded7477447d9385fa2b861ed2a0000000000000000000f565bb132ae4bed23b8fe31b68fad5969d702b9b8f05a67bf4c729b76719c1057bae7e510c2c54b8de1da34b9fe4bba35a9fdf4b7d888e0da7ed8781bcefb95a97d14278803000000000000000078bc56b3f59d581fc3d523fedcb60a75eb7ceb2bb7cecfd81fe2b3a9c667bb6142dc2e626ae77d24370471cb8f9ce318c3bd0d13e2de3662b8d721887b1f56add620ae88e20000000000000000001eab956b1f1782b8df11f3fbe520ae6c5c322e7ce60e870971535b815a8630aeae4b3d89e4ba20aef473ec3ed613e25aec361ecb1fe12d0e3b63df62b5327515c589e10000000000000000001e6a196ad686a7b501686febe970e5cff518ee33eb516fccc8f6879b8b58a6c12d615ca9cf5f8ed1dbe684b82e886beb4ecbd69ad4614a5c1fc32d53e25a4cb715c409e30000000000000000001ea76dfb6c9dd8db31888b2e86ab1f3dbb26f5520cf7c54cecb832354a0ddd5a1857ba10eea57b3e7713e5da8fec569c963e841b62b8a8ab5463589b7ab232b54d896b93e7000000000000000000789c6e425ce982b86883d15eeb6b71fb54b8feb297a6c5dd11c91d26c4c5d41d7535ea3804ae457231d5706e1aee705eaf4b8d8d6389e3ba6971fdebfddad425b0fbc24258000000000000000000be491b70d60f4e7b3d0e46bb35828bb86f5dea1df6c729707d1417dd74b86e5adc54226257ffe910c495398e93dd3ebaf0ad3f1f42b8550c374e89eb57a60ae20000000000000000001eaa6d185d3ab1b7d3182ee2720077695deae677de778bc70971a54e7f9b76719c1a17cb50b8e3c55b3c37fec8791dc3b53db12793e2ba2972fd1ad5258aeb57a60ae20000000000000000009e43db243ac7320c2dde0eafb5b7b7c2b872e17271e3676fb43fb942996bf0b65bdfe8d2c0b595a9fd5dccc70971d1056de563e3b52e8a8b6e72dc12c5b5cf7413e28a200e0000000000000000e0b1c60971adff8ad3896ff7ae4ffd26fbe3374ceb2f98e63844712d786b1fe9d6aa8eeb525793dd8630aefd01c675aacb6bed0f64421c0000000000000000c0f3692d59b749f4336b50e3cecfde617f2cddcae9174eade8ab61dc323dae0be2562b53fbd5a9c3c4b873c73235ee7d88e2e6ee0853e20000000000000000001eaa6fc5de63b3661b27c4c599e7d7bee693f697afb071774b3fd7deeb569bf6115be902b916c99579981837847131bcbec4765ffc950000000000000000007c519b10d79ab0b83e21ee5218576ef8ba3bed4fd6a52e57990e41dab471576563d16b99875f76268c8b3192fb583f5f76ccf6a19d180e0000000000000000e0715a2756e2d077ddf0f107e826c44db18ee3ba306ef33365fb3809d94a6c4e901ba7c95d7a0e0000000000000000c0e394be056baf6d7d2e2ebfffc3f6eb6f9fb67fc8b415c3f5ff6e8ce2c608ae7fdc3ae6339f9fbb3f240000000000000000008f53560fabf37399d75fcebff6676ffa248edb5aad5acefcdbad5fdbfd9b722ea21bde2b25ac4c0500000000000000007806e5b6976f09e37e2809db5fbef9e9b6d75753dcc688ad7b2c67c2b7935fbd7500000000000000000090d2372562bb74bf08000000000000000080ff493b7f020000000000000000003210c40100000000000000009082200e000000000000000080140471000000000000000000a420880300000000000000002005411c0000000000000000002908e2000000000000000000484110070000000000000000400a82380000000000000000005210c40100000000000000009082200e000000000000000080140471000000000000000000a420880300000000000000002005411c0000000000000000002908e2000000000000000000484110070000000000000000400a82380000000000000000005210c40100000000000000009082200e000000000000000080140471000000000000000000a420880300000000000000002005411c0000000000000000002908e2000000000000000000484110070000000000000000400a82380000000000000000005210c40100000000000000009082200e000000000000000080140471000000000000000000a420880300000000000000002005411c0000000000000000002908e2000000000000000000484110070000000000000000400a82380000000000000000005210c40100000000000000009082200e000000000000000080140471000000000000000000a420880300000000000000002005411c0000000000000000002908e2000000000000000000484110070000000000000000400a82380000000000000000005210c40100000000000000009082200e000000000000000080140471000000000000000000a420880300000000000000002005411c0000000000000000002908e2000000000000000000484110070000000000000000400a82380000000000000000005210c40100000000000000009082200e000000000000000080140471000000000000000000a420880300000000000000002005411c0000000000000000002908e2000000000000000000484110070000000000000000400a82380000000000000000005210c40100000000000000009082200e000000000000000080140471000000000000000000a420880300000000000000002005411c0000000000000000002908e2000000000000000000484110070000000000000000400a82380000000000000000005210c40100000000000000009082200e000000000000000080140471000000000000000000a420880300000000000000002005411c0000000000000000002908e2000000000000000000484110070000000000000000400a82380000000000000000005210c40100000000000000009082200e000000000000000080140471000000000000000000a420880300000000000000002005411c0000000000000000002908e2000000000000000000484110070000000000000000400a82380000000000000000005210c40100000000000000009082200e000000000000000080140471000000000000000000a420880300000000000000002005411c0000000000000000002908e2000000000000000000484110070000000000000000400a82380000000000000000005210c40100000000000000009082200e000000000000000080140471000000000000000000a420880300000000000000002005411c0000000000000000002908e2000000000000000000484110070000000000000000400a82380000000000000000005210c40100000000000000009082200e000000000000000080140471000000000000000000a420880300000000000000002005411c0000000000000000002908e2000000000000000000484110070000000000000000400a82380000000000000000005210c40100000000000000009082200e000000000000000080140471000000000000000000a420880300000000000000002005411c0000000000000000002908e2000000000000000000484110070000000000000000400a82380000000000000000005210c40100000000000000009082200e000000000000000080140471000000000000000000a420880300000000000000002005411c0000000000000000002908e2000000000000000000484110070000000000000000400a82380000000000000000005210c40100000000000000009082200e000000000000000080140471000000000000000000a420880300000000000000002005411c0000000000000000002908e2000000000000000000484110070000000000000000400a82380000000000000000005210c40100000000000000009082200e000000000000000080140471000000000000000000a420880300000000000000002005411c0000000000000000002908e2000000000000000000484110070000000000000000400a82380000000000000000005210c40100000000000000009082200e000000000000000080140471000000000000000000a420880300000000000000002005411c0000000000000000002908e2000000000000000000484110070000000000000000400a82380000000000000000005210c40100000000000000009082200e000000000000000080140471000000000000000000a420880300000000000000002005411c0000000000000000002908e2000000000000000000484110070000000000000000400a82380000000000000000005210c40100000000000000009082200e000000000000000080140471000000000000000000a420880300000000000000002005411c0000000000000000002908e2000000000000000000484110070000000000000000400a82380000000000000000005210c40100000000000000009082200e000000000000000080140471000000000000000000a420880300000000000000002005411c0000000000000000002908e2000000000000000000484110070000000000000000400a82380000000000000000005210c40100000000000000009082200e000000000000000080140471000000000000000000a420880300000000000000002005411c0000000000000000002908e2000000000000000000484110070000000000000000400a82380000000000000000005210c40100000000000000009082200e000000000000000080140471000000000000000000a420880300000000000000002005411c0000000000000000002908e2000000000000000000484110070000000000000000400a82380000000000000000005210c40100000000000000009082200e000000000000000080140471000000000000000000a420880300000000000000002005411c0000000000000000002908e2000000000000000000484110070000000000000000400a82380000000000000000005210c40100000000000000009082200e000000000000000080140471000000000000000000a420880300000000000000002005411c0000000000000000002908e2000000000000000000484110070000000000000000400a82380000000000000000005210c40100000000000000009082200e000000000000000080140471000000000000000000a420880300000000000000002005411c0000000000000000002908e2000000000000000000484110070000000000000000400a82380000000000000000005210c40100000000000000009082200e000000000000000080140471000000000000000000a420880300000000000000002005411c0000000000000000002908e2000000000000000000484110070000000000000000400a82380000000000000000005210c40100000000000000009082200e000000000000000080140471000000000000000000a420880300000000000000002005411c0000000000000000002908e2000000000000000000484110070000000000000000400a82380000000000000000005210c40100000000000000009082200e000000000000000080140471000000000000000000a420880300000000000000002005411c0000000000000000002908e2000000000000000000484110070000000000000000400a82380000000000000000005210c40100000000000000009082200e000000000000000080140471000000000000000000a420880300000000000000002005411c0000000000000000002908e2000000000000000000484110070000000000000000400a82380000000000000000005210c40100000000000000009082200e000000000000000080140471000000000000000000a420880300000000000000002005411c0000000000000000002908e2000000000000000000484110070000000000000000400a82380000000000000000005210c40100000000000000009082200e000000000000000080140471000000000000000000a420880300000000000000002005411c0000000000000000002908e2000000000000000000484110070000000000000000400a82380000000000000000005210c40100000000000000009082200e000000000000000080140471000000000000000000a420880300000000000000002005411c0000000000000000002908e2000000000000000000484110070000000000000000400a82380000000000000000005210c40100000000000000009082200e000000000000000080140471000000000000000000a420880300000000000000002005411c0000000000000000002908e2000000000000000000484110070000000000000000400a82380000000000000000005210c40100000000000000009082200e000000000000000080140471000000000000000000a420880300000000000000002005411c0000000000000000002908e2000000000000000000484110070000000000000000400a82380000000000000000005210c40100000000000000009082200e000000000000000080140471000000000000000000a420880300000000000000002005411c0000000000000000002908e2000000000000000000484110070000000000000000400a82380000000000000000005210c40100000000000000009082200e000000000000000080140471000000000000000000a420880300000000000000002005411c0000000000000000002908e2000000000000000000484110070000000000000000400a82380000000000000000005210c40100000000000000009082200e000000000000000080140471000000000000000000a420880300000000000000002005411c0000000000000000002908e2000000000000000000484110070000000000000000400a82380000000000000000005210c40100000000000000009082200e000000000000000080140471000000000000000000a420880300000000000000002005411c0000000000000000002908e2000000000000000000484110070000000000000000400a82380000000000000000005210c40100000000000000009082200e000000000000000080140471000000000000000000a420880300000000000000002005411c0000000000000000002908e2000000000000000000484110070000000000000000400a82380000000000000000005210c40100000000000000009082200e000000000000000080140471000000000000000000a420880300000000000000002005411c0000000000000000002908e2000000000000000000484110070000000000000000400a82380000000000000000005210c40100000000000000009082200e000000000000000080140471000000000000000000a420880300000000000000002005411c0000000000000000002908e2000000000000000000484110070000000000000000400a82380000000000000000005210c40100000000000000009082200e000000000000000080140471000000000000000000a420880300000000000000002005411c0000000000000000002908e2000000000000000000484110070000000000000000400a82380000000000000000005210c40100000000000000009082200e000000000000000080140471000000000000000000a420880300000000000000002005411c0000000000000000002908e2000000000000000000484110070000000000000000400a82380000000000000000005210c40100000000000000009082200e000000000000000080140471000000000000000000a420880300000000000000002005411c0000000000000000002908e2000000000000000000484110070000000000000000400a82380000000000000000005210c40100000000000000009082200e000000000000000080140471000000000000000000a420880300000000000000002005411c0000000000000000002908e2000000000000000000484110070000000000000000400a82380000000000000000005210c40100000000000000009082200e000000000000000080140471000000000000000000a420880300000000000000002005411c0000000000000000002908e2000000000000000000484110070000000000000000400a82380000000000000000005210c40100000000000000009082200e000000000000000080140471000000000000000000a420880300000000000000002005411c0000000000000000002908e2000000000000000000484110070000000000000000400a82380000000000000000005210c40100000000000000009082200e000000000000000080140471000000000000000000a420880300000000000000002005411c0000000000000000002908e2000000000000000000484110070000000000000000400a82380000000000000000005210c40100000000000000009082200e000000000000000080140471000000000000000000a420880300000000000000002005411c0000000000000000002908e2000000000000000000484110070000000000000000400a82380000000000000000005210c40100000000000000009082200e000000000000000080140471000000000000000000a420880300000000000000002005411c0000000000000000002908e2000000000000000000484110070000000000000000400a82380000000000000000005210c40100000000000000009082200e000000000000000080140471000000000000000000a420880300000000000000002005411c0000000000000000002908e200000000000000000048e193415c39737ee973f10d9f030000000000000000e0619e3cf5dadd7787e513ef97c351caf1fcd26b9bef010000000000000000f0349e34ebda5dbecb72e1eecbf0fe10b1956be1db5cdf9bbbcfcdf5f5f9f83e0000000000000000008f57bee1333f9c84ed8fdf325db88329b663b921685b42b77a947ac4473db6cee788d2bfd69e173d1c0000000000000000c0b3393767ad9c39bff57adf60bfbeeab47df552367ab90b11dc12bd0d47793fc46ea53b8ff7fa5e3d2fef2186030000000000000000784265e3b15f36baf5995baef74df68775a61131b518eecc34b865885c7daff421dc4737e5ad0fde8623c6e3adbef7d69d971ffbb10000000000000000007cd118c3c5c6f35b82b973d7fd82e384b8258cdbfad87c78a34cc35df62b4edfbbb8ad0bdeda51daf15a8feef9f2fec60f13c50100000000000000003c97317ebb6542dcb5e7df607f72d5d24d899ba67ade8ee1d7f4eb514b9df01663f456cfe335a2fce9defb7338e2b5867477fc21000000000000000000789cad09709726c48dffee87ec0f53de46357e5b26c2d5c769aac1dc99e970ab18eecf70fcee1e7f77af7f9cfe7013e20000000000000000009ed7a520ee960eec87bab0fdf9b16cd3e9795bab1af3301daead4a7d1b62b85f357efbd58570fd51ce57813ff8a3010000000000000000f882ad95a9978e88bfd2851d27c4955b12bc73d3e1deba20eecf3009eed7e198ff3b9e973f0ffdd10000000000000000007cd2b9b5a8b7ac4ebdb63df48bddd8fe30e9edda88b6eeb1d418ae4d865b82b8ba2a3586206efe15515a0cf75fc4fc76fe87979ffba10000000000000000007c935ba3b87321dc5637f60df687b5a7c33794ad5aad8673cbaad4f78d55a9af3584fbb39e0e57feab61dcc7538cc5030000000000000000e0932ecd5dbbd686952bd7fca24310b70ae0e6f59d2c13e4fa35a96d3adcdb713a5cbc0e93e1fa20eed7c9656f8ae14471000000000000000000cfe75c0cd79fdf3221ee9bed0f815b17bd9d0470739cc470cb9ad4b73884702d86eb82b825847bdfecec4c87030000000000000000f847940bafddb336f5d630ee930dd9fe30e5ad0be09608ee63386f53e16e8de15ed7119c200e0000000000000000e0df552e3cbf6542dca5306eebfa9fb03f446e1fdd24b88f21826b13e13ee210cfbd772b52b762b8dfa701dcb9f3b8f203010000000000000000781ee7a2b8cfae4efd66fb43dcd642b82182db9c0af73684707fce8770fdf3392e4f86331d0e0000000000000000e0b95d9b12d71ecf45715bef6f5df793f6cbd4b7d534b8f7eeb19f0af776662a5cdc3e15eedabad46ffc71000000000000000000fc8072e5fcdc06d15b86a77da11fdb1fc2b63184eba7c18d53e15e6b04f727a294ef8de14471000000000000000000ff866bd3e22ead53bd749d2fa841dc9910aebc46c46b8de05ebba970e5b6f8ed5a0cf74363ef000000000000000000f801b74c753b3720edda67be410de2fa08ee2d4e23b876cce783b7ef8ee1c471000000000000000000cfefdaa4b8adc75baf75a7fd61e25b9b0637ae466d13e13e4e63b69f8ae18470000000000000000000ff866b2b506f39ff463588eb26c2453f11eef57af02686030000000000000000f8df536e7cbd7cf2df7dc23ecaaf8dd5a8bf234ab92d7abb14c79d0be1c470000000000000000000ffaecfac3e2d5fb8de8df631ff8ae354b8ba3ef5dad4b77b83b8d8781e2188030000000000000000f897956ff8cc37b663fb28ff7531dc7c5ff4b615c0cdb11dc15d5a95facd3f0a0000000000000000800729dffcb93b74415cdc16bfddb322f5b36b52c57100000000000000000039fd601fb68ff9cffdeb50afad548d30190e000000000000000080bfda88ed9f6a32dc03ff10000000000000000000fcdbf657a3b75b26c3459c0fe2b61e47c237000000000000000000be687f12bedd13c27d752a9c100e0000000000000000806fb2fff474b84b41dcd6634f08070000000000000000c037bb6f65aa180e00000000000000008027b5bf6b55eaad41dc787ee935000000000000000000f806db13e2b642b8b9fe8bf6784f0c2784030000000000000000e087edafc670e3f308311c0000000000000000004f677f570c3706711162380000000000000000009ec27e3386db0ae12ec5705be19b180e000000000000000080bf6827860300000000000000002083ddd9004e0c070000000000000000c03f64b70adfb6e2b808311c0000000000000000004fefff010000ffff0300c89550713bce373b0000000049454e44ae426082);

-- --------------------------------------------------------

--
-- Estructura de tabla para la tabla `firecodes`
--

CREATE TABLE `firecodes` (
  `Code` varchar(255) NOT NULL
) ENGINE=InnoDB DEFAULT CHARSET=utf8mb4;

--
-- Volcado de datos para la tabla `firecodes`
--

INSERT INTO `firecodes` (`Code`) VALUES
('PTRA1'),
('PTRA2');

-- --------------------------------------------------------

--
-- Estructura de tabla para la tabla `properties`
--

CREATE TABLE `properties` (
  `PropertyID` int(11) NOT NULL,
  `LotNumber` int(11) DEFAULT NULL,
  `SizeSqMeters` decimal(10,2) DEFAULT NULL,
  `Frontage` decimal(10,2) DEFAULT NULL,
  `Depth` decimal(10,2) DEFAULT NULL,
  `PriceInDollars` decimal(10,2) DEFAULT NULL,
  `AvailabilityStatus` varchar(255) DEFAULT NULL,
  `StreetNameID` int(11) DEFAULT NULL,
  `StageID` int(11) DEFAULT NULL,
  `ResidentialCode` varchar(255) DEFAULT NULL,
  `FireCode` varchar(255) DEFAULT NULL,
  `EstateID` int(11) DEFAULT NULL
) ENGINE=InnoDB DEFAULT CHARSET=utf8mb4;

--
-- Volcado de datos para la tabla `properties`
--

INSERT INTO `properties` (`PropertyID`, `LotNumber`, `SizeSqMeters`, `Frontage`, `Depth`, `PriceInDollars`, `AvailabilityStatus`, `StreetNameID`, `StageID`, `ResidentialCode`, `FireCode`, `EstateID`) VALUES
(1, 34, '260.00', '20.08', '52.00', '177.00', 'Available', 1, 1, 'R20', 'PTRA1', 1),
(2, 66, '88.02', '12.50', '88.00', '321.00', 'Available', 1, 2, 'R30', 'PTRA2', 1),
(3, 88, '8888.00', '12.50', '88.00', '666.00', 'Available', 2, 1, 'R20', 'PTRA1', 2);

-- --------------------------------------------------------

--
-- Estructura de tabla para la tabla `residentialcodes`
--

CREATE TABLE `residentialcodes` (
  `Code` varchar(255) NOT NULL
) ENGINE=InnoDB DEFAULT CHARSET=utf8mb4;

--
-- Volcado de datos para la tabla `residentialcodes`
--

INSERT INTO `residentialcodes` (`Code`) VALUES
('R20'),
('R30');

-- --------------------------------------------------------

--
-- Estructura de tabla para la tabla `stages`
--

CREATE TABLE `stages` (
  `StageID` int(11) NOT NULL,
  `StageName` varchar(255) DEFAULT NULL
) ENGINE=InnoDB DEFAULT CHARSET=utf8mb4;

--
-- Volcado de datos para la tabla `stages`
--

INSERT INTO `stages` (`StageID`, `StageName`) VALUES
(1, 'Stage 1'),
(2, 'Stage 2');

-- --------------------------------------------------------

--
-- Estructura de tabla para la tabla `streetnames`
--

CREATE TABLE `streetnames` (
  `StreetNameID` int(11) NOT NULL,
  `StreetName` varchar(255) DEFAULT NULL
) ENGINE=InnoDB DEFAULT CHARSET=utf8mb4;

--
-- Volcado de datos para la tabla `streetnames`
--

INSERT INTO `streetnames` (`StreetNameID`, `StreetName`) VALUES
(1, 'Alphabet Street'),
(2, 'Beta Street');

--
-- Índices para tablas volcadas
--

--
-- Indices de la tabla `estates`
--
ALTER TABLE `estates`
  ADD PRIMARY KEY (`EstateID`);

--
-- Indices de la tabla `firecodes`
--
ALTER TABLE `firecodes`
  ADD PRIMARY KEY (`Code`);

--
-- Indices de la tabla `properties`
--
ALTER TABLE `properties`
  ADD PRIMARY KEY (`PropertyID`),
  ADD KEY `StreetNameID` (`StreetNameID`),
  ADD KEY `StageID` (`StageID`),
  ADD KEY `ResidentialCode` (`ResidentialCode`),
  ADD KEY `FireCode` (`FireCode`),
  ADD KEY `EstateID` (`EstateID`);

--
-- Indices de la tabla `residentialcodes`
--
ALTER TABLE `residentialcodes`
  ADD PRIMARY KEY (`Code`);

--
-- Indices de la tabla `stages`
--
ALTER TABLE `stages`
  ADD PRIMARY KEY (`StageID`);

--
-- Indices de la tabla `streetnames`
--
ALTER TABLE `streetnames`
  ADD PRIMARY KEY (`StreetNameID`);

--
-- Restricciones para tablas volcadas
--

--
-- Filtros para la tabla `properties`
--
ALTER TABLE `properties`
  ADD CONSTRAINT `properties_ibfk_1` FOREIGN KEY (`StreetNameID`) REFERENCES `streetnames` (`StreetNameID`),
  ADD CONSTRAINT `properties_ibfk_2` FOREIGN KEY (`StageID`) REFERENCES `stages` (`StageID`),
  ADD CONSTRAINT `properties_ibfk_3` FOREIGN KEY (`ResidentialCode`) REFERENCES `residentialcodes` (`Code`),
  ADD CONSTRAINT `properties_ibfk_4` FOREIGN KEY (`FireCode`) REFERENCES `firecodes` (`Code`),
  ADD CONSTRAINT `properties_ibfk_5` FOREIGN KEY (`EstateID`) REFERENCES `estates` (`EstateID`);
COMMIT;

/*!40101 SET CHARACTER_SET_CLIENT=@OLD_CHARACTER_SET_CLIENT */;
/*!40101 SET CHARACTER_SET_RESULTS=@OLD_CHARACTER_SET_RESULTS */;
/*!40101 SET COLLATION_CONNECTION=@OLD_COLLATION_CONNECTION */;
